"mean.weight","mean.lifespan"
14.8405821324345,1249.98876404494
